{
    "parent": "item/generated",
    "textures": {
        "layer0": "item/cooked_mutton"
    },
    
    "overrides": [
    {"predicate": {"custom_model_data": 1},"model": "item/food/kebab"},
    {"predicate": {"custom_model_data": 2},"model": "item/food/tacos"},
    {"predicate": {"custom_model_data": 3},"model": "item/food/frites"},
    {"predicate": {"custom_model_data": 4},"model": "item/food/cafe"},
    {"predicate": {"custom_model_data": 5},"model": "item/food/cappuccino"},
    {"predicate": {"custom_model_data": 6},"model": "item/food/donut"},
    {"predicate": {"custom_model_data": 7},"model": "item/food/tarteauchocolat"}
    ]
}