{
    "parent": "item/generated",
    "textures": {
        "layer0": "item/cooked_mutton"
    },
    
    "overrides": [
    {"predicate": {"custom_model_data": 1},"model": "item/food/kebab"},
    {"predicate": {"custom_model_data": 2},"model": "item/food/tacos"},
    {"predicate": {"custom_model_data": 3},"model": "item/food/frites"},
    {"predicate": {"custom_model_data": 4},"model": "item/food/cafe"},
    {"predicate": {"custom_model_data": 5},"model": "item/food/cappuccino"},
    {"predicate": {"custom_model_data": 6},"model": "item/food/donut"},
    {"predicate": {"custom_model_data": 7},"model": "item/food/tarteauchocolat"},
    {"predicate": {"custom_model_data": 8},"model": "item/food/biere"},
    {"predicate": {"custom_model_data": 9},"model": "item/food/soda"},
    {"predicate": {"custom_model_data": 10},"model": "item/food/rhum"},
    {"predicate": {"custom_model_data": 11},"model": "item/food/whisky"},
    {"predicate": {"custom_model_data": 12},"model": "item/food/vodka"},
    {"predicate": {"custom_model_data": 13},"model": "item/food/vin"},
    {"predicate": {"custom_model_data": 14},"model": "item/food/champagne"}
    ]
}