{
    "parent": "item/generated",
    "textures": {
        "layer0": "item/cooked_mutton"
    },
    
    "overrides": [

        {"predicate": {"custom_model_data": 3},"model": "item/food/frites"},
        {"predicate": {"custom_model_data": 4},"model": "item/food/cafe"},
        {"predicate": {"custom_model_data": 5},"model": "item/food/cappuccino"},
        {"predicate": {"custom_model_data": 6},"model": "item/food/donut"},
        {"predicate": {"custom_model_data": 7},"model": "item/food/tarteauchocolat"},
        {"predicate": {"custom_model_data": 8},"model": "item/food/biere"},
        {"predicate": {"custom_model_data": 9},"model": "item/food/soda"},
        {"predicate": {"custom_model_data": 10},"model": "item/food/rhum"},
        {"predicate": {"custom_model_data": 11},"model": "item/food/whisky"},
        {"predicate": {"custom_model_data": 12},"model": "item/food/vodka"},
        {"predicate": {"custom_model_data": 13},"model": "item/food/vin"},
        {"predicate": {"custom_model_data": 14},"model": "item/food/champagne"},

        {"predicate": {"custom_model_data": 1},"model": "item/food/resto/kebab"},
        {"predicate": {"custom_model_data": 2},"model": "item/food/resto/tacos"},
        {"predicate": {"custom_model_data": 15},"model": "item/food/resto/pave_de_saumon_sur_son_lit_de_poireau"},
        {"predicate": {"custom_model_data": 16},"model": "item/food/resto/ratatouille"},
        {"predicate": {"custom_model_data": 17},"model": "item/food/resto/boeuf_bourgignon"},
        {"predicate": {"custom_model_data": 18},"model": "item/food/resto/blanquette_de_veau"},
        {"predicate": {"custom_model_data": 19},"model": "item/food/resto/pates_carbonara"},
        {"predicate": {"custom_model_data": 20},"model": "item/food/resto/risotto_alla_fungaiola"},
        {"predicate": {"custom_model_data": 21},"model": "item/food/resto/lasagnes_bolognaise"},
        {"predicate": {"custom_model_data": 22},"model": "item/food/resto/pizza_margherita"},
        {"predicate": {"custom_model_data": 23},"model": "item/food/resto/kefta"},
        {"predicate": {"custom_model_data": 24},"model": "item/food/resto/falafel"},
        {"predicate": {"custom_model_data": 25},"model": "item/food/resto/couscous"},
        {"predicate": {"custom_model_data": 26},"model": "item/food/resto/tajine"},
        {"predicate": {"custom_model_data": 27},"model": "item/food/resto/guacamole"},
        {"predicate": {"custom_model_data": 28},"model": "item/food/resto/nachos"},
        {"predicate": {"custom_model_data": 29},"model": "item/food/resto/soupe_mexicaine"},
        {"predicate": {"custom_model_data": 30},"model": "item/food/resto/burritos"},
        {"predicate": {"custom_model_data": 31},"model": "item/food/resto/taco"},
        {"predicate": {"custom_model_data": 32},"model": "item/food/resto/nems"},
        {"predicate": {"custom_model_data": 33},"model": "item/food/resto/nouilles_sautees"},
        {"predicate": {"custom_model_data": 34},"model": "item/food/resto/porc_au_caramel"},
        {"predicate": {"custom_model_data": 35},"model": "item/food/resto/sushi"},

        {"predicate": {"custom_model_data": 36},"model": "item/food/produits_etapes/ail_coupe"},
        {"predicate": {"custom_model_data": 37},"model": "item/food/produits_etapes/aubergine_coupee"},
        {"predicate": {"custom_model_data": 38},"model": "item/food/produits_etapes/aubergine_cuite"},
        {"predicate": {"custom_model_data": 39},"model": "item/food/produits_etapes/avocat_coupe"},
        {"predicate": {"custom_model_data": 40},"model": "item/food/produits_etapes/avocat_ecrase"},
        {"predicate": {"custom_model_data": 41},"model": "item/food/produits_etapes/bechamel"},
        {"predicate": {"custom_model_data": 42},"model": "item/food/produits_etapes/boeuf_coupe"},
        {"predicate": {"custom_model_data": 43},"model": "item/food/produits_etapes/boeuf_dore"},
        {"predicate": {"custom_model_data": 44},"model": "item/food/produits_etapes/boulette_de_viande"},
        {"predicate": {"custom_model_data": 45},"model": "item/food/produits_etapes/boulette_de_viande_aromatisee"},
        {"predicate": {"custom_model_data": 46},"model": "item/food/produits_etapes/caramel"},
        {"predicate": {"custom_model_data": 47},"model": "item/food/produits_etapes/carotte_coupee"},
        {"predicate": {"custom_model_data": 48},"model": "item/food/produits_etapes/champignon_coupe"},
        {"predicate": {"custom_model_data": 49},"model": "item/food/produits_etapes/champignon_cuit"},
        {"predicate": {"custom_model_data": 50},"model": "item/food/produits_etapes/courgette_coupee"},
        {"predicate": {"custom_model_data": 51},"model": "item/food/produits_etapes/courgette_cuite"},
        {"predicate": {"custom_model_data": 52},"model": "item/food/produits_etapes/fromage_coupe"},
        {"predicate": {"custom_model_data": 53},"model": "item/food/produits_etapes/fromage_cuit"},
        {"predicate": {"custom_model_data": 54},"model": "item/food/produits_etapes/jaune_d_oeuf"},
        {"predicate": {"custom_model_data": 55},"model": "item/food/produits_etapes/jus_de_citron"},
        {"predicate": {"custom_model_data": 56},"model": "item/food/produits_etapes/melange_de_legume"},
        {"predicate": {"custom_model_data": 57},"model": "item/food/produits_etapes/merguez_cuite"},
        {"predicate": {"custom_model_data": 58},"model": "item/food/produits_etapes/navet_coupe"},
        {"predicate": {"custom_model_data": 59},"model": "item/food/produits_etapes/oeuf_battu"},
        {"predicate": {"custom_model_data": 60},"model": "item/food/produits_etapes/oignon_coupe"},
        {"predicate": {"custom_model_data": 61},"model": "item/food/produits_etapes/oignon_cuit"},
        {"predicate": {"custom_model_data": 62},"model": "item/food/produits_etapes/pain_decoupe"},
        {"predicate": {"custom_model_data": 63},"model": "item/food/produits_etapes/pancetta_cuite"},
        {"predicate": {"custom_model_data": 64},"model": "item/food/produits_etapes/patate_coupee"},
        {"predicate": {"custom_model_data": 65},"model": "item/food/produits_etapes/pates_cuites"},
        {"predicate": {"custom_model_data": 66},"model": "item/food/produits_etapes/pates_impregnees_de_pancetta"},
        {"predicate": {"custom_model_data": 67},"model": "item/food/produits_etapes/piment_coupe"},
        {"predicate": {"custom_model_data": 68},"model": "item/food/produits_etapes/poireau_assaisonne"},
        {"predicate": {"custom_model_data": 69},"model": "item/food/produits_etapes/poireau_coupe"},
        {"predicate": {"custom_model_data": 70},"model": "item/food/produits_etapes/poireau_cuit_et_assaisonne"},
        {"predicate": {"custom_model_data": 71},"model": "item/food/produits_etapes/poivron_coupe"},
        {"predicate": {"custom_model_data": 72},"model": "item/food/produits_etapes/poivron_cuit"},
        {"predicate": {"custom_model_data": 73},"model": "item/food/produits_etapes/porc_coupe"},
        {"predicate": {"custom_model_data": 74},"model": "item/food/produits_etapes/poulet_coupe"},
        {"predicate": {"custom_model_data": 75},"model": "item/food/produits_etapes/poulet_coupe_cuit"},
        {"predicate": {"custom_model_data": 76},"model": "item/food/produits_etapes/poulet_dore"},
        {"predicate": {"custom_model_data": 77},"model": "item/food/produits_etapes/preparation_bechamel"},
        {"predicate": {"custom_model_data": 78},"model": "item/food/produits_etapes/preparation_blanquette"},
        {"predicate": {"custom_model_data": 79},"model": "item/food/produits_etapes/preparation_blanquette_cuite"},
        {"predicate": {"custom_model_data": 80},"model": "item/food/produits_etapes/preparation_bolognaise"},
        {"predicate": {"custom_model_data": 81},"model": "item/food/produits_etapes/preparation_bourgignon"},
        {"predicate": {"custom_model_data": 82},"model": "item/food/produits_etapes/preparation_couscous"},
        {"predicate": {"custom_model_data": 83},"model": "item/food/produits_etapes/preparation_falafel"},
        {"predicate": {"custom_model_data": 84},"model": "item/food/produits_etapes/preparation_kefta"},
        {"predicate": {"custom_model_data": 85},"model": "item/food/produits_etapes/preparation_lasagnes"},
        {"predicate": {"custom_model_data": 86},"model": "item/food/produits_etapes/preparation_nems"},
        {"predicate": {"custom_model_data": 87},"model": "item/food/produits_etapes/preparation_porc_au_caramel"},
        {"predicate": {"custom_model_data": 88},"model": "item/food/produits_etapes/preparation_soupe_mexicaine"},
        {"predicate": {"custom_model_data": 89},"model": "item/food/produits_etapes/preparation_tajine"},
        {"predicate": {"custom_model_data": 90},"model": "item/food/produits_etapes/preparation_tajine_cuite"},
        {"predicate": {"custom_model_data": 91},"model": "item/food/produits_etapes/risotto_cuit"},
        {"predicate": {"custom_model_data": 92},"model": "item/food/produits_etapes/riz_a_sushi_cuit"},
        {"predicate": {"custom_model_data": 93},"model": "item/food/produits_etapes/salade_coupee"},
        {"predicate": {"custom_model_data": 94},"model": "item/food/produits_etapes/sauce_blanquette"},
        {"predicate": {"custom_model_data": 95},"model": "item/food/produits_etapes/saumon_coupe"},
        {"predicate": {"custom_model_data": 96},"model": "item/food/produits_etapes/saumon_cuit"},
        {"predicate": {"custom_model_data": 97},"model": "item/food/produits_etapes/semoule_cuite"},
        {"predicate": {"custom_model_data": 98},"model": "item/food/produits_etapes/tomate_coupee"},
        {"predicate": {"custom_model_data": 99},"model": "item/food/produits_etapes/tortilla_coupee"},
        {"predicate": {"custom_model_data": 100},"model": "item/food/produits_etapes/veau_coupee"},
        {"predicate": {"custom_model_data": 101},"model": "item/food/produits_etapes/veau_dore"},
        {"predicate": {"custom_model_data": 102},"model": "item/food/produits_etapes/vermicelle_de_riz_cuite"},
        {"predicate": {"custom_model_data": 103},"model": "item/food/produits_etapes/viande_de_mouton_crue_coupee"},
        {"predicate": {"custom_model_data": 104},"model": "item/food/produits_etapes/viande_hachee_cuite"},
        {"predicate": {"custom_model_data": 105},"model": "item/food/produits_etapes/viande_kebab"},

        {"predicate": {"custom_model_data": 106},"model": "item/food/matieres_premieres/boeuf"},
        {"predicate": {"custom_model_data": 107},"model": "item/food/matieres_premieres/merguez"},
        {"predicate": {"custom_model_data": 108},"model": "item/food/matieres_premieres/porc"},
        {"predicate": {"custom_model_data": 109},"model": "item/food/matieres_premieres/poulet"},
        {"predicate": {"custom_model_data": 110},"model": "item/food/matieres_premieres/steak_hache"},
        {"predicate": {"custom_model_data": 111},"model": "item/food/matieres_premieres/veau"},
        {"predicate": {"custom_model_data": 112},"model": "item/food/matieres_premieres/viande_de_mouton"},
        {"predicate": {"custom_model_data": 113},"model": "item/food/matieres_premieres/pain"},
        {"predicate": {"custom_model_data": 114},"model": "item/food/matieres_premieres/ail"},
        {"predicate": {"custom_model_data": 115},"model": "item/food/matieres_premieres/aubergine"},
        {"predicate": {"custom_model_data": 116},"model": "item/food/matieres_premieres/avocat"},
        {"predicate": {"custom_model_data": 117},"model": "item/food/matieres_premieres/basilic"},
        {"predicate": {"custom_model_data": 118},"model": "item/food/matieres_premieres/beurre"},
        {"predicate": {"custom_model_data": 119},"model": "item/food/matieres_premieres/bouillon"},
        {"predicate": {"custom_model_data": 120},"model": "item/food/matieres_premieres/bouquet_garni"},
        {"predicate": {"custom_model_data": 121},"model": "item/food/matieres_premieres/carotte"},
        {"predicate": {"custom_model_data": 122},"model": "item/food/matieres_premieres/champignon"},
        {"predicate": {"custom_model_data": 123},"model": "item/food/matieres_premieres/citron"},
        {"predicate": {"custom_model_data": 124},"model": "item/food/matieres_premieres/courgette"},
        {"predicate": {"custom_model_data": 125},"model": "item/food/matieres_premieres/creme_fraiche"},
        {"predicate": {"custom_model_data": 126},"model": "item/food/matieres_premieres/cumin"},
        {"predicate": {"custom_model_data": 127},"model": "item/food/matieres_premieres/curry"},
        {"predicate": {"custom_model_data": 128},"model": "item/food/matieres_premieres/eau"},
        {"predicate": {"custom_model_data": 129},"model": "item/food/matieres_premieres/farine"},
        {"predicate": {"custom_model_data": 130},"model": "item/food/matieres_premieres/feuille_d_algues"},
        {"predicate": {"custom_model_data": 131},"model": "item/food/matieres_premieres/fromage"},
        {"predicate": {"custom_model_data": 132},"model": "item/food/matieres_premieres/fromage_rape"},
        {"predicate": {"custom_model_data": 133},"model": "item/food/matieres_premieres/galette"},
        {"predicate": {"custom_model_data": 134},"model": "item/food/matieres_premieres/germes_de_soja"},
        {"predicate": {"custom_model_data": 135},"model": "item/food/matieres_premieres/haricots_rouge"},
        {"predicate": {"custom_model_data": 136},"model": "item/food/matieres_premieres/harissa"},
        {"predicate": {"custom_model_data": 137},"model": "item/food/matieres_premieres/lait"},
        {"predicate": {"custom_model_data": 138},"model": "item/food/matieres_premieres/levure"},
        {"predicate": {"custom_model_data": 139},"model": "item/food/matieres_premieres/mais"},
        {"predicate": {"custom_model_data": 140},"model": "item/food/matieres_premieres/mozzarella"},
        {"predicate": {"custom_model_data": 141},"model": "item/food/matieres_premieres/navet"},
        {"predicate": {"custom_model_data": 142},"model": "item/food/matieres_premieres/nuoc_mam"},
        {"predicate": {"custom_model_data": 143},"model": "item/food/matieres_premieres/oeuf"},
        {"predicate": {"custom_model_data": 144},"model": "item/food/matieres_premieres/oignon"},
        {"predicate": {"custom_model_data": 145},"model": "item/food/matieres_premieres/pancetta"},
        {"predicate": {"custom_model_data": 146},"model": "item/food/matieres_premieres/paprika"},
        {"predicate": {"custom_model_data": 147},"model": "item/food/matieres_premieres/parmesan"},
        {"predicate": {"custom_model_data": 148},"model": "item/food/matieres_premieres/patate"},
        {"predicate": {"custom_model_data": 149},"model": "item/food/matieres_premieres/pates"},
        {"predicate": {"custom_model_data": 150},"model": "item/food/matieres_premieres/pates_a_lasagne"},
        {"predicate": {"custom_model_data": 151},"model": "item/food/matieres_premieres/pecorino"},
        {"predicate": {"custom_model_data": 152},"model": "item/food/matieres_premieres/persil"},
        {"predicate": {"custom_model_data": 153},"model": "item/food/matieres_premieres/piment"},
        {"predicate": {"custom_model_data": 154},"model": "item/food/matieres_premieres/poireau"},
        {"predicate": {"custom_model_data": 155},"model": "item/food/matieres_premieres/pois_chiche"},
        {"predicate": {"custom_model_data": 156},"model": "item/food/matieres_premieres/poivron"},
        {"predicate": {"custom_model_data": 157},"model": "item/food/matieres_premieres/raisins_sec"},
        {"predicate": {"custom_model_data": 158},"model": "item/food/matieres_premieres/riz"},
        {"predicate": {"custom_model_data": 159},"model": "item/food/matieres_premieres/riz_a_sushi"},
        {"predicate": {"custom_model_data": 160},"model": "item/food/matieres_premieres/salade"},
        {"predicate": {"custom_model_data": 161},"model": "item/food/matieres_premieres/sauce_soja"},
        {"predicate": {"custom_model_data": 162},"model": "item/food/matieres_premieres/semoule"},
        {"predicate": {"custom_model_data": 163},"model": "item/food/matieres_premieres/sucre"},
        {"predicate": {"custom_model_data": 164},"model": "item/food/matieres_premieres/tomate"},
        {"predicate": {"custom_model_data": 165},"model": "item/food/matieres_premieres/tortilla"},
        {"predicate": {"custom_model_data": 166},"model": "item/food/matieres_premieres/vermicelles_de_riz"},
        {"predicate": {"custom_model_data": 167},"model": "item/food/matieres_premieres/vin"},
        {"predicate": {"custom_model_data": 168},"model": "item/food/matieres_premieres/vinaigre_de_riz"},
        {"predicate": {"custom_model_data": 169},"model": "item/food/matieres_premieres/yaourt"},     
        {"predicate": {"custom_model_data": 170},"model": "item/food/matieres_premieres/saumon"},

        {"predicate": {"custom_model_data": 171},"model": "item/food/matieres_premieres_et_etapes/sauce_blanche"},
        {"predicate": {"custom_model_data": 172},"model": "item/food/matieres_premieres_et_etapes/sauce_fromagere"},
        {"predicate": {"custom_model_data": 173},"model": "item/food/matieres_premieres_et_etapes/sauce_tomate"},
        {"predicate": {"custom_model_data": 174},"model": "item/food/matieres_premieres_et_etapes/pate_a_pizza"}
    ]
}