{
    "parent": "item/generated",
    "textures": {
        "layer0": "item/cooked_mutton"
    },
    
    "overrides": [

        {"predicate": {"custom_model_data": 3},"model": "item/food/frites"},
        {"predicate": {"custom_model_data": 4},"model": "item/food/cafe"},
        {"predicate": {"custom_model_data": 5},"model": "item/food/cappuccino"},
        {"predicate": {"custom_model_data": 6},"model": "item/food/donut"},
        {"predicate": {"custom_model_data": 7},"model": "item/food/tarteauchocolat"},
        {"predicate": {"custom_model_data": 8},"model": "item/food/biere"},
        {"predicate": {"custom_model_data": 9},"model": "item/food/soda"},
        {"predicate": {"custom_model_data": 10},"model": "item/food/rhum"},
        {"predicate": {"custom_model_data": 11},"model": "item/food/whisky"},
        {"predicate": {"custom_model_data": 12},"model": "item/food/vodka"},
        {"predicate": {"custom_model_data": 13},"model": "item/food/vin"},
        {"predicate": {"custom_model_data": 14},"model": "item/food/champagne"},

        {"predicate": {"custom_model_data": 1},"model": "item/food/resto/kebab"},
        {"predicate": {"custom_model_data": 2},"model": "item/food/resto/tacos"},
        {"predicate": {"custom_model_data": 15},"model": "item/food/resto/pave_de_saumon_sur_son_lit_de_poireau"},
        {"predicate": {"custom_model_data": 16},"model": "item/food/resto/ratatouille"},
        {"predicate": {"custom_model_data": 17},"model": "item/food/resto/boeuf_bourgignon"},
        {"predicate": {"custom_model_data": 18},"model": "item/food/resto/blanquette_de_veau"},
        {"predicate": {"custom_model_data": 19},"model": "item/food/resto/pates_carbonara"},
        {"predicate": {"custom_model_data": 20},"model": "item/food/resto/risotto_alla_fungaiola"},
        {"predicate": {"custom_model_data": 21},"model": "item/food/resto/lasagnes_bolognaise"},
        {"predicate": {"custom_model_data": 22},"model": "item/food/resto/pizza_margherita"},
        {"predicate": {"custom_model_data": 23},"model": "item/food/resto/kefta"},
        {"predicate": {"custom_model_data": 24},"model": "item/food/resto/falafel"},
        {"predicate": {"custom_model_data": 25},"model": "item/food/resto/couscous"},
        {"predicate": {"custom_model_data": 26},"model": "item/food/resto/tajine"},
        {"predicate": {"custom_model_data": 27},"model": "item/food/resto/guacamole"},
        {"predicate": {"custom_model_data": 28},"model": "item/food/resto/nachos"},
        {"predicate": {"custom_model_data": 29},"model": "item/food/resto/soupe_mexicaine"},
        {"predicate": {"custom_model_data": 30},"model": "item/food/resto/burritos"},
        {"predicate": {"custom_model_data": 31},"model": "item/food/resto/taco"},
        {"predicate": {"custom_model_data": 32},"model": "item/food/resto/nems"},
        {"predicate": {"custom_model_data": 33},"model": "item/food/resto/nouilles_sautees"},
        {"predicate": {"custom_model_data": 34},"model": "item/food/resto/porc_au_caramel"},
        {"predicate": {"custom_model_data": 35},"model": "item/food/resto/sushi"}

        
    ]
}